{"type":"Topology","objects":{"counties":{"type":"GeometryCollection","geometries":[{"type":"Polygon","properties":{"COUNTYFP":"007","NAME":"Ballard","ALAND":638843907,"oil_wells":0,"gas_wells":0},"arcs":[[0,1,2]]},{"type":"Polygon","properties":{"COUNTYFP":"011","NAME":"Bath","ALAND":722081626,"oil_wells":45,"gas_wells":18},"arcs":[[3,4,5,6,7]]},{"type":"Polygon","properties":{"COUNTYFP":"013","NAME":"Bell","ALAND":929806591,"oil_wells":23,"gas_wells":593},"arcs":[[8,9,10,11,12,13]]},{"type":"Polygon","properties":{"COUNTYFP":"031","NAME":"Butler","ALAND":1103562551,"oil_wells":546,"gas_wells":57},"arcs":[[14,15,16,17,18,19]]},{"type":"Polygon","properties":{"COUNTYFP":"051","NAME":"Clay","ALAND":1215349017,"oil_wells":81,"gas_wells":1340},"arcs":[[20,21,22,23,-10,24,25]]},{"type":"Polygon","properties":{"COUNTYFP":"061","NAME":"Edmonson","ALAND":784464286,"oil_wells":270,"gas_wells":115},"arcs":[[26,27,28,-17,29]]},{"type":"Polygon","properties":{"COUNTYFP":"097","NAME":"Harrison","ALAND":793479801,"oil_wells":0,"gas_wells":0},"arcs":[[30,31,32,33,34,35,36]]},{"type":"Polygon","properties":{"COUNTYFP":"121","NAME":"Knox","ALAND":1000508842,"oil_wells":41,"gas_wells":1014},"arcs":[[37,-25,-9,38]]},{"type":"Polygon","properties":{"COUNTYFP":"131","NAME":"Leslie","ALAND":1038212361,"oil_wells":41,"gas_wells":619},"arcs":[[39,40,-11,-24]]},{"type":"Polygon","properties":{"COUNTYFP":"133","NAME":"Letcher","ALAND":875193012,"oil_wells":19,"gas_wells":1444},"arcs":[[41,42,43,44,45]]},{"type":"Polygon","properties":{"COUNTYFP":"147","NAME":"McCreary","ALAND":1105417092,"oil_wells":65,"gas_wells":106},"arcs":[[46,47,48,49,50]]},{"type":"Polygon","properties":{"COUNTYFP":"151","NAME":"Madison","ALAND":1132604797,"oil_wells":4,"gas_wells":0},"arcs":[[51,52,53,54,55,56,57]]},{"type":"Polygon","properties":{"COUNTYFP":"187","NAME":"Owen","ALAND":909364873,"oil_wells":0,"gas_wells":0},"arcs":[[58,59,60,61,62,63]]},{"type":"Polygon","properties":{"COUNTYFP":"217","NAME":"Taylor","ALAND":689791762,"oil_wells":79,"gas_wells":8},"arcs":[[64,65,66,67,68]]},{"type":"Polygon","properties":{"COUNTYFP":"231","NAME":"Wayne","ALAND":1186685586,"oil_wells":288,"gas_wells":20},"arcs":[[69,70,-51,71,72]]},{"type":"Polygon","properties":{"COUNTYFP":"237","NAME":"Wolfe","ALAND":575419314,"oil_wells":398,"gas_wells":98},"arcs":[[73,74,75,76,77,78]]},{"type":"Polygon","properties":{"COUNTYFP":"003","NAME":"Allen","ALAND":891830500,"oil_wells":606,"gas_wells":9},"arcs":[[79,80,81,82,83]]},{"type":"Polygon","properties":{"COUNTYFP":"025","NAME":"Breathitt","ALAND":1275350659,"oil_wells":308,"gas_wells":448},"arcs":[[84,-78,85,86,87,88]]},{"type":"Polygon","properties":{"COUNTYFP":"029","NAME":"Bullitt","ALAND":769295444,"oil_wells":0,"gas_wells":1},"arcs":[[89,90,91,92]]},{"type":"Polygon","properties":{"COUNTYFP":"033","NAME":"Caldwell","ALAND":893006791,"oil_wells":11,"gas_wells":35},"arcs":[[93,94,95,96,97,98]]},{"type":"Polygon","properties":{"COUNTYFP":"055","NAME":"Crittenden","ALAND":932275449,"oil_wells":3,"gas_wells":2},"arcs":[[99,100,-99,101,102,103]]},{"type":"Polygon","properties":{"COUNTYFP":"059","NAME":"Daviess","ALAND":1187163652,"oil_wells":2407,"gas_wells":89},"arcs":[[104,105,106,107,108]]},{"type":"Polygon","properties":{"COUNTYFP":"065","NAME":"Estill","ALAND":655468653,"oil_wells":450,"gas_wells":13},"arcs":[[109,110,111,112,-55]]},{"type":"Polygon","properties":{"COUNTYFP":"069","NAME":"Fleming","ALAND":902720729,"oil_wells":0,"gas_wells":0},"arcs":[[113,114,115,-5,116,117]]},{"type":"Polygon","properties":{"COUNTYFP":"079","NAME":"Garrard","ALAND":595898816,"oil_wells":4,"gas_wells":6},"arcs":[[118,-58,119,120,121,122]]},{"type":"Polygon","properties":{"COUNTYFP":"089","NAME":"Greenup","ALAND":892115289,"oil_wells":97,"gas_wells":58},"arcs":[[123,124,125,126]]},{"type":"Polygon","properties":{"COUNTYFP":"095","NAME":"Harlan","ALAND":1206487467,"oil_wells":11,"gas_wells":484},"arcs":[[-41,127,-46,128,-12]]},{"type":"Polygon","properties":{"COUNTYFP":"109","NAME":"Jackson","ALAND":894055721,"oil_wells":28,"gas_wells":63},"arcs":[[-56,-113,129,130,-21,131,132]]},{"type":"Polygon","properties":{"COUNTYFP":"119","NAME":"Knott","ALAND":910435521,"oil_wells":20,"gas_wells":2263},"arcs":[[133,134,135,-43,136,-87]]},{"type":"Polygon","properties":{"COUNTYFP":"123","NAME":"Larue","ALAND":677353871,"oil_wells":1,"gas_wells":37},"arcs":[[137,138,-65,139,140,141]]},{"type":"Polygon","properties":{"COUNTYFP":"139","NAME":"Livingston","ALAND":810982681,"oil_wells":0,"gas_wells":0},"arcs":[[142,-103,143,144,145]]},{"type":"Polygon","properties":{"COUNTYFP":"153","NAME":"Magoffin","ALAND":798866504,"oil_wells":1705,"gas_wells":929},"arcs":[[146,147,-134,-86,-77,148]]},{"type":"Polygon","properties":{"COUNTYFP":"165","NAME":"Menifee","ALAND":527282429,"oil_wells":28,"gas_wells":112},"arcs":[[-7,149,150,-75,151,152]]},{"type":"Polygon","properties":{"COUNTYFP":"183","NAME":"Ohio","ALAND":1521032830,"oil_wells":1412,"gas_wells":85},"arcs":[[153,-107,154,155,156,-15,157]]},{"type":"Polygon","properties":{"COUNTYFP":"193","NAME":"Perry","ALAND":879750116,"oil_wells":44,"gas_wells":1151},"arcs":[[-88,-137,-42,-128,-40,-23,158]]},{"type":"Polygon","properties":{"COUNTYFP":"195","NAME":"Pike","ALAND":2037851002,"oil_wells":25,"gas_wells":5563},"arcs":[[-136,159,160,161,-44]]},{"type":"Polygon","properties":{"COUNTYFP":"203","NAME":"Rockcastle","ALAND":819848743,"oil_wells":7,"gas_wells":5},"arcs":[[162,-120,-57,-133,163,164]]},{"type":"Polygon","properties":{"COUNTYFP":"205","NAME":"Rowan","ALAND":724672131,"oil_wells":11,"gas_wells":73},"arcs":[[165,166,167,168,-150,-6,-116]]},{"type":"Polygon","properties":{"COUNTYFP":"209","NAME":"Scott","ALAND":729770749,"oil_wells":0,"gas_wells":3},"arcs":[[-62,169,-37,170,171,172,173]]},{"type":"Polygon","properties":{"COUNTYFP":"229","NAME":"Washington","ALAND":769917017,"oil_wells":0,"gas_wells":0},"arcs":[[174,175,176,177,178]]},{"type":"Polygon","properties":{"COUNTYFP":"027","NAME":"Breckinridge","ALAND":1469042402,"oil_wells":132,"gas_wells":83},"arcs":[[179,180,181,182,-156,183]]},{"type":"Polygon","properties":{"COUNTYFP":"063","NAME":"Elliott","ALAND":606875335,"oil_wells":426,"gas_wells":115},"arcs":[[-168,184,185,186]]},{"type":"Polygon","properties":{"COUNTYFP":"071","NAME":"Floyd","ALAND":1018762993,"oil_wells":87,"gas_wells":2862},"arcs":[[187,188,-160,-135,-148]]},{"type":"Polygon","properties":{"COUNTYFP":"083","NAME":"Graves","ALAND":1429026325,"oil_wells":0,"gas_wells":0},"arcs":[[189,190,191,192,193,194]]},{"type":"Polygon","properties":{"COUNTYFP":"093","NAME":"Hardin","ALAND":1614337414,"oil_wells":2,"gas_wells":25},"arcs":[[-182,195,196,197,-92,198,-142,199,200]]},{"type":"Polygon","properties":{"COUNTYFP":"101","NAME":"Henderson","ALAND":1130968912,"oil_wells":2928,"gas_wells":39},"arcs":[[-109,201,202,203,204]]},{"type":"Polygon","properties":{"COUNTYFP":"115","NAME":"Johnson","ALAND":678468220,"oil_wells":1118,"gas_wells":855},"arcs":[[205,206,-188,-147,207]]},{"type":"Polygon","properties":{"COUNTYFP":"125","NAME":"Laurel","ALAND":1123945911,"oil_wells":21,"gas_wells":115},"arcs":[[208,-164,-132,-26,-38,209,-48]]},{"type":"Polygon","properties":{"COUNTYFP":"127","NAME":"Lawrence","ALAND":1076386415,"oil_wells":1635,"gas_wells":793},"arcs":[[-186,210,211,212,213,-206,214]]},{"type":"Polygon","properties":{"COUNTYFP":"135","NAME":"Lewis","ALAND":1250589444,"oil_wells":7,"gas_wells":9},"arcs":[[215,-127,216,-166,-115,217]]},{"type":"Polygon","properties":{"COUNTYFP":"159","NAME":"Martin","ALAND":594682183,"oil_wells":73,"gas_wells":1552},"arcs":[[-214,218,-161,-189,-207]]},{"type":"Polygon","properties":{"COUNTYFP":"179","NAME":"Nelson","ALAND":1081354534,"oil_wells":1,"gas_wells":0},"arcs":[[-91,219,220,-175,221,-138,-199]]},{"type":"Polygon","properties":{"COUNTYFP":"181","NAME":"Nicholas","ALAND":505491181,"oil_wells":0,"gas_wells":0},"arcs":[[222,-117,-4,223,-35]]},{"type":"Polygon","properties":{"COUNTYFP":"189","NAME":"Owsley","ALAND":511283093,"oil_wells":17,"gas_wells":39},"arcs":[[224,-89,-159,-22,-131]]},{"type":"Polygon","properties":{"COUNTYFP":"197","NAME":"Powell","ALAND":463555629,"oil_wells":394,"gas_wells":46},"arcs":[[225,-152,-74,226,-111,227]]},{"type":"Polygon","properties":{"COUNTYFP":"107","NAME":"Hopkins","ALAND":1403763233,"oil_wells":808,"gas_wells":306},"arcs":[[228,229,230,231,-95]]},{"type":"Polygon","properties":{"COUNTYFP":"177","NAME":"Muhlenberg","ALAND":1209734580,"oil_wells":1166,"gas_wells":296},"arcs":[[232,-158,-20,233,234,235,-231]]},{"type":"Polygon","properties":{"COUNTYFP":"167","NAME":"Mercer","ALAND":644472907,"oil_wells":0,"gas_wells":0},"arcs":[[236,237,238,-123,239,-177]]},{"type":"Polygon","properties":{"COUNTYFP":"235","NAME":"Whitley","ALAND":1133976305,"oil_wells":91,"gas_wells":1248},"arcs":[[-210,-39,-14,240,-49]]},{"type":"Polygon","properties":{"COUNTYFP":"005","NAME":"Anderson","ALAND":522745724,"oil_wells":0,"gas_wells":0},"arcs":[[241,242,243,-237,-176,-221,244]]},{"type":"Polygon","properties":{"COUNTYFP":"049","NAME":"Clark","ALAND":653878141,"oil_wells":0,"gas_wells":14},"arcs":[[245,246,-228,-110,-54,247]]},{"type":"Polygon","properties":{"COUNTYFP":"099","NAME":"Hart","ALAND":1067328904,"oil_wells":289,"gas_wells":55},"arcs":[[-200,-141,248,249,250,-27,251]]},{"type":"Polygon","properties":{"COUNTYFP":"155","NAME":"Marion","ALAND":888389556,"oil_wells":50,"gas_wells":0},"arcs":[[-222,-179,252,253,-66,-139]]},{"type":"Polygon","properties":{"COUNTYFP":"043","NAME":"Carter","ALAND":1060590174,"oil_wells":21,"gas_wells":54},"arcs":[[-217,-126,254,-211,-185,-167]]},{"type":"Polygon","properties":{"COUNTYFP":"085","NAME":"Grayson","ALAND":1288701716,"oil_wells":13,"gas_wells":268},"arcs":[[-183,-201,-252,-30,-16,-157]]},{"type":"Polygon","properties":{"COUNTYFP":"175","NAME":"Morgan","ALAND":987115528,"oil_wells":65,"gas_wells":180},"arcs":[[-169,-187,-215,-208,-149,-76,-151]]},{"type":"Polygon","properties":{"COUNTYFP":"017","NAME":"Bourbon","ALAND":750369719,"oil_wells":0,"gas_wells":0},"arcs":[[-36,-224,255,-246,256,-171]]},{"type":"Polygon","properties":{"COUNTYFP":"239","NAME":"Woodford","ALAND":489062308,"oil_wells":0,"gas_wells":0},"arcs":[[-173,257,258,-238,-244,259]]},{"type":"Polygon","properties":{"COUNTYFP":"021","NAME":"Boyle","ALAND":467270953,"oil_wells":0,"gas_wells":0},"arcs":[[-178,-240,-122,260,261,-253]]},{"type":"Polygon","properties":{"COUNTYFP":"067","NAME":"Fayette","ALAND":734648557,"oil_wells":0,"gas_wells":0},"arcs":[[-172,-257,-248,-53,262,-258]]},{"type":"Polygon","properties":{"COUNTYFP":"047","NAME":"Christian","ALAND":1858332131,"oil_wells":782,"gas_wells":154},"arcs":[[-96,-232,-236,263,264,265]]},{"type":"Polygon","properties":{"COUNTYFP":"077","NAME":"Gallatin","ALAND":254698298,"oil_wells":0,"gas_wells":7},"arcs":[[266,267,-60,268,269]]},{"type":"Polygon","properties":{"COUNTYFP":"117","NAME":"Kenton","ALAND":415046493,"oil_wells":0,"gas_wells":0},"arcs":[[270,271,272,273,274]]},{"type":"Polygon","properties":{"COUNTYFP":"137","NAME":"Lincoln","ALAND":861773590,"oil_wells":75,"gas_wells":1},"arcs":[[-261,-121,-163,275,276]]},{"type":"Polygon","properties":{"COUNTYFP":"161","NAME":"Mason","ALAND":621929398,"oil_wells":0,"gas_wells":0},"arcs":[[277,278,-218,-114,279]]},{"type":"Polygon","properties":{"COUNTYFP":"191","NAME":"Pendleton","ALAND":717838676,"oil_wells":0,"gas_wells":0},"arcs":[[-273,280,281,282,-32,283]]},{"type":"Polygon","properties":{"COUNTYFP":"201","NAME":"Robertson","ALAND":258768335,"oil_wells":0,"gas_wells":0},"arcs":[[284,-280,-118,-223,-34]]},{"type":"Polygon","properties":{"COUNTYFP":"207","NAME":"Russell","ALAND":656969317,"oil_wells":378,"gas_wells":2},"arcs":[[285,286,287,-70,288,289]]},{"type":"Polygon","properties":{"COUNTYFP":"221","NAME":"Trigg","ALAND":1143307644,"oil_wells":1,"gas_wells":8},"arcs":[[290,-97,-266,291,292,293]]},{"type":"Polygon","properties":{"COUNTYFP":"009","NAME":"Barren","ALAND":1262728237,"oil_wells":849,"gas_wells":170},"arcs":[[294,-28,-251,295,296,-81]]},{"type":"Polygon","properties":{"COUNTYFP":"015","NAME":"Boone","ALAND":637462163,"oil_wells":0,"gas_wells":1},"arcs":[[-275,297,-267,298]]},{"type":"Polygon","properties":{"COUNTYFP":"091","NAME":"Hancock","ALAND":486020451,"oil_wells":337,"gas_wells":36},"arcs":[[299,-184,-155,-106]]},{"type":"Polygon","properties":{"COUNTYFP":"023","NAME":"Bracken","ALAND":532533652,"oil_wells":0,"gas_wells":0},"arcs":[[300,-278,-285,-33,-283]]},{"type":"Polygon","properties":{"COUNTYFP":"035","NAME":"Calloway","ALAND":997205960,"oil_wells":0,"gas_wells":1},"arcs":[[301,-293,302,-193]]},{"type":"Polygon","properties":{"COUNTYFP":"039","NAME":"Carlisle","ALAND":490632795,"oil_wells":0,"gas_wells":0},"arcs":[[-2,303,-190,304,305]]},{"type":"Polygon","properties":{"COUNTYFP":"045","NAME":"Casey","ALAND":1150557971,"oil_wells":104,"gas_wells":30},"arcs":[[-254,-262,-277,306,-287,307,-67]]},{"type":"Polygon","properties":{"COUNTYFP":"053","NAME":"Clinton","ALAND":510864239,"oil_wells":2085,"gas_wells":136},"arcs":[[308,-289,-73,309]]},{"type":"MultiPolygon","properties":{"COUNTYFP":"075","NAME":"Fulton","ALAND":533214585,"oil_wells":0,"gas_wells":0},"arcs":[[[310,311]],[[312]]]},{"type":"Polygon","properties":{"COUNTYFP":"103","NAME":"Henry","ALAND":741450365,"oil_wells":0,"gas_wells":0},"arcs":[[313,314,-64,315,316,317]]},{"type":"Polygon","properties":{"COUNTYFP":"113","NAME":"Jessamine","ALAND":445779168,"oil_wells":0,"gas_wells":0},"arcs":[[-259,-263,-52,-119,-239]]},{"type":"Polygon","properties":{"COUNTYFP":"129","NAME":"Lee","ALAND":540937708,"oil_wells":2868,"gas_wells":19},"arcs":[[-112,-227,-79,-85,-225,-130]]},{"type":"Polygon","properties":{"COUNTYFP":"143","NAME":"Lyon","ALAND":553844805,"oil_wells":0,"gas_wells":1},"arcs":[[-144,-102,-98,-291,318]]},{"type":"Polygon","properties":{"COUNTYFP":"149","NAME":"McLean","ALAND":653906347,"oil_wells":1376,"gas_wells":57},"arcs":[[-202,-108,-154,-233,-230,319]]},{"type":"Polygon","properties":{"COUNTYFP":"163","NAME":"Meade","ALAND":791043370,"oil_wells":16,"gas_wells":201},"arcs":[[-196,-181,320]]},{"type":"Polygon","properties":{"COUNTYFP":"173","NAME":"Montgomery","ALAND":511177493,"oil_wells":10,"gas_wells":5},"arcs":[[-8,-153,-226,-247,-256]]},{"type":"Polygon","properties":{"COUNTYFP":"185","NAME":"Oldham","ALAND":484912266,"oil_wells":0,"gas_wells":0},"arcs":[[321,-318,322,323,324]]},{"type":"Polygon","properties":{"COUNTYFP":"213","NAME":"Simpson","ALAND":606584287,"oil_wells":95,"gas_wells":8},"arcs":[[325,326,-84,327]]},{"type":"Polygon","properties":{"COUNTYFP":"215","NAME":"Spencer","ALAND":483493839,"oil_wells":0,"gas_wells":0},"arcs":[[328,329,-245,-220,-90]]},{"type":"Polygon","properties":{"COUNTYFP":"223","NAME":"Trimble","ALAND":392766407,"oil_wells":0,"gas_wells":0},"arcs":[[330,-314,-322,331]]},{"type":"Polygon","properties":{"COUNTYFP":"019","NAME":"Boyd","ALAND":414053933,"oil_wells":4,"gas_wells":278},"arcs":[[332,-212,-255,-125]]},{"type":"Polygon","properties":{"COUNTYFP":"087","NAME":"Green","ALAND":740837686,"oil_wells":975,"gas_wells":39},"arcs":[[-140,-69,333,334,-249]]},{"type":"Polygon","properties":{"COUNTYFP":"001","NAME":"Adair","ALAND":1049678317,"oil_wells":1115,"gas_wells":15},"arcs":[[-334,-68,-308,-286,335,336]]},{"type":"Polygon","properties":{"COUNTYFP":"041","NAME":"Carroll","ALAND":332993713,"oil_wells":0,"gas_wells":10},"arcs":[[-269,-59,-315,-331,337]]},{"type":"Polygon","properties":{"COUNTYFP":"057","NAME":"Cumberland","ALAND":790416941,"oil_wells":2092,"gas_wells":55},"arcs":[[-336,-290,-309,338,339,340]]},{"type":"Polygon","properties":{"COUNTYFP":"073","NAME":"Franklin","ALAND":538073041,"oil_wells":0,"gas_wells":0},"arcs":[[-316,-63,-174,-260,-243,341]]},{"type":"Polygon","properties":{"COUNTYFP":"105","NAME":"Hickman","ALAND":627487985,"oil_wells":0,"gas_wells":0},"arcs":[[-305,-195,342,-311,343]]},{"type":"Polygon","properties":{"COUNTYFP":"111","NAME":"Jefferson","ALAND":985312154,"oil_wells":0,"gas_wells":0},"arcs":[[344,-324,345,-329,-93,-198]]},{"type":"Polygon","properties":{"COUNTYFP":"141","NAME":"Logan","ALAND":1430014712,"oil_wells":89,"gas_wells":8},"arcs":[[-234,-19,346,-326,347,348]]},{"type":"Polygon","properties":{"COUNTYFP":"145","NAME":"McCracken","ALAND":644251034,"oil_wells":1,"gas_wells":0},"arcs":[[-146,349,-191,-304,-1,350]]},{"type":"Polygon","properties":{"COUNTYFP":"157","NAME":"Marshall","ALAND":780273148,"oil_wells":0,"gas_wells":0},"arcs":[[-350,-145,-319,-294,-302,-192]]},{"type":"Polygon","properties":{"COUNTYFP":"169","NAME":"Metcalfe","ALAND":750178426,"oil_wells":768,"gas_wells":194},"arcs":[[-250,-335,-337,-341,351,-296]]},{"type":"Polygon","properties":{"COUNTYFP":"171","NAME":"Monroe","ALAND":853073327,"oil_wells":469,"gas_wells":23},"arcs":[[-297,-352,-340,352,-82]]},{"type":"Polygon","properties":{"COUNTYFP":"199","NAME":"Pulaski","ALAND":1705273851,"oil_wells":78,"gas_wells":131},"arcs":[[-307,-276,-165,-209,-47,-71,-288]]},{"type":"Polygon","properties":{"COUNTYFP":"211","NAME":"Shelby","ALAND":983257095,"oil_wells":0,"gas_wells":3},"arcs":[[-317,-342,-242,-330,-346,-323]]},{"type":"Polygon","properties":{"COUNTYFP":"227","NAME":"Warren","ALAND":1402743723,"oil_wells":2057,"gas_wells":168},"arcs":[[-29,-295,-80,-327,-347,-18]]},{"type":"Polygon","properties":{"COUNTYFP":"233","NAME":"Webster","ALAND":859730052,"oil_wells":1028,"gas_wells":66},"arcs":[[353,-203,-320,-229,-94,-101]]},{"type":"Polygon","properties":{"COUNTYFP":"037","NAME":"Campbell","ALAND":391910592,"oil_wells":0,"gas_wells":0},"arcs":[[354,-281,-272]]},{"type":"Polygon","properties":{"COUNTYFP":"081","NAME":"Grant","ALAND":668126188,"oil_wells":0,"gas_wells":34},"arcs":[[-298,-274,-284,-31,-170,-61,-268]]},{"type":"Polygon","properties":{"COUNTYFP":"219","NAME":"Todd","ALAND":969942107,"oil_wells":86,"gas_wells":62},"arcs":[[-235,-349,355,-264]]},{"type":"Polygon","properties":{"COUNTYFP":"225","NAME":"Union","ALAND":887974711,"oil_wells":1388,"gas_wells":13},"arcs":[[-204,-354,-100,356]]}]}},"arcs":[[[816,2748],[155,-1023]],[[971,1725],[-228,-131],[-147,93]],[[596,1687],[-42,144],[-52,324],[187,539],[127,54]],[[7349,6397],[171,395]],[[7520,6792],[153,-51],[128,-362]],[[7801,6379],[169,-382],[11,-134]],[[7981,5863],[-104,-142],[-108,57],[-132,-111]],[[7637,5667],[-160,520],[-128,210]],[[7482,718],[127,435],[263,385],[-11,193]],[[7861,1731],[106,-65]],[[7967,1666],[26,-163]],[[7993,1503],[-15,-612],[53,-258]],[[8031,633],[-94,1],[-189,-243],[-20,-68],[-317,19]],[[7411,342],[-33,218],[104,158]],[[3498,2699],[129,461],[55,-115],[195,344]],[[3877,3389],[164,-123],[24,-156]],[[4065,3110],[92,-571]],[[4157,2539],[-90,-62],[-198,115],[-75,-695]],[[3794,1897],[-225,214],[-127,47]],[[3442,2158],[59,86],[-39,259],[36,196]],[[7394,2844],[210,370]],[[7604,3214],[193,-17],[147,-324]],[[7944,2873],[25,-85]],[[7969,2788],[-57,-258],[7,-449],[48,-415]],[[7861,1731],[-307,265],[-64,109]],[[7490,2105],[-129,452],[33,287]],[[4476,3164],[143,-454],[-10,-181]],[[4609,2529],[-23,-430],[-52,29]],[[4534,2128],[-139,162],[-83,-88],[-155,337]],[[4065,3110],[411,54]],[[6585,7532],[107,188]],[[6692,7720],[358,148]],[[7050,7868],[57,-105]],[[7107,7763],[0,-198],[79,-160]],[[7186,7405],[-122,-331]],[[7064,7074],[-235,-348],[-92,14]],[[6737,6740],[-42,442],[-110,350]],[[7199,1732],[175,80],[116,293]],[[7482,718],[-107,150],[-33,278],[-108,199],[-35,387]],[[7969,2788],[48,209],[97,96],[225,-612],[81,-314],[-22,-190]],[[8398,1977],[-102,-196],[-303,-278]],[[8478,1902],[107,298],[-27,133],[80,303]],[[8638,2636],[120,40],[118,236],[115,10]],[[8991,2922],[137,-89],[83,-195]],[[9211,2638],[-206,-287],[0,-235],[-194,-316]],[[8811,1800],[-92,155],[-241,-53]],[[6558,1396],[213,301],[77,48]],[[6848,1745],[80,-51]],[[6928,1694],[-69,-624],[56,-392],[106,-319]],[[7021,359],[-45,-1],[-682,42]],[[6294,400],[137,514],[125,283],[2,199]],[[6627,4802],[119,293]],[[6746,5095],[129,169]],[[6875,5264],[86,96],[67,-171],[186,-72]],[[7214,5117],[-21,-722],[8,-360]],[[7201,4035],[-144,-164]],[[7057,3871],[-195,61]],[[6862,3932],[-140,574],[-95,296]],[[5903,7924],[185,246]],[[6088,8170],[196,221]],[[6284,8391],[15,-385],[256,-549]],[[6555,7457],[-211,-456]],[[6344,7001],[-171,17]],[[6173,7018],[-13,224],[-196,342],[26,205],[-87,135]],[[5233,3671],[154,-16]],[[5387,3655],[146,20],[144,-191],[101,165],[127,-190]],[[5905,3459],[-76,-111],[-45,-279]],[[5784,3069],[-36,-142],[-161,-121],[-50,-182]],[[5537,2624],[-165,646],[-141,258],[2,143]],[[5917,1365],[301,524]],[[6218,1889],[87,-150],[120,87],[133,-430]],[[6294,400],[-9,1],[-250,46]],[[6035,447],[-60,298],[21,233],[-79,387]],[[7705,4602],[101,411]],[[7806,5013],[106,-15],[74,152]],[[7986,5150],[221,-310],[86,-253]],[[8293,4587],[18,-162]],[[8311,4425],[-224,79],[-53,-227],[-84,30]],[[7950,4307],[-245,295]],[[4149,1053],[315,596]],[[4464,1649],[146,-392],[104,-406]],[[4714,851],[5,-355]],[[4719,496],[-306,43],[-272,40]],[[4141,579],[8,474]],[[7875,3808],[75,499]],[[8311,4425],[176,-220],[41,70],[114,-383],[64,-95]],[[8706,3797],[-134,83],[-111,-257],[14,-197]],[[8475,3426],[-100,37],[-174,-132],[-97,-154],[-53,119],[-134,-136]],[[7917,3160],[-9,500],[-33,148]],[[5437,6118],[-54,-83],[-26,-398]],[[5357,5637],[-203,-592],[-125,-84]],[[5029,4961],[-105,176],[-49,329],[-110,201]],[[4765,5667],[81,162],[216,172],[205,-51],[170,168]],[[2309,3330],[-16,-109]],[[2293,3221],[51,-576],[124,-184]],[[2468,2461],[-70,-555]],[[2398,1906],[-189,-159]],[[2209,1747],[-129,405],[-89,405],[-70,19]],[[1921,2576],[57,219],[331,535]],[[1966,3805],[169,-95]],[[2135,3710],[6,-270],[108,46],[60,-156]],[[1921,2576],[-129,-122]],[[1792,2454],[-34,474],[-184,497]],[[1574,3425],[101,181],[264,77],[27,122]],[[2966,5289],[45,-76],[261,-289],[49,395],[72,89]],[[3393,5408],[112,-182],[101,-341],[-8,-203]],[[3598,4682],[8,-241],[-173,-164],[-118,-263]],[[3315,4014],[-295,231],[-193,233]],[[2827,4478],[19,152],[137,138],[-44,221],[27,300]],[[7214,5117],[104,-58]],[[7318,5059],[164,-323],[129,32],[76,-167]],[[7687,4601],[-135,-201],[-107,-453]],[[7445,3947],[-79,145],[-165,-57]],[[7412,7529],[94,-135],[286,260]],[[7792,7654],[83,-359],[167,-183]],[[8042,7112],[-62,-122],[-11,-287],[-168,-324]],[[7520,6792],[17,76],[-190,461]],[[7347,7329],[65,200]],[[6375,4975],[213,-250],[39,77]],[[6862,3932],[-35,-250],[-96,50]],[[6731,3732],[-279,560]],[[6452,4292],[-114,297]],[[6338,4589],[56,46],[-19,340]],[[8598,8410],[180,117],[62,-609],[41,-93],[120,-49],[78,-196]],[[9079,7580],[-136,-272],[-64,-225]],[[8879,7083],[-198,76],[-111,268],[-151,147]],[[8419,7574],[126,343],[53,493]],[[8398,1977],[80,-75]],[[8811,1800],[-12,-305],[-121,-134],[-135,-12],[-161,-434],[-351,-282]],[[7445,3947],[26,-95]],[[7471,3852],[133,-638]],[[7394,2844],[-148,72],[-108,189]],[[7138,3105],[12,142],[-98,486],[5,138]],[[8706,3797],[31,-63]],[[8737,3734],[124,-74],[90,-156],[19,-411],[50,-119]],[[9020,2974],[-29,-52]],[[8638,2636],[-167,275],[4,515]],[[5105,4661],[142,-355],[-68,-346],[136,30]],[[5315,3990],[72,-335]],[[5233,3671],[-98,-181]],[[5135,3490],[-310,69]],[[4825,3559],[22,389],[96,296],[88,123],[74,294]],[[1301,2182],[99,-28],[87,319],[-120,497],[52,388],[81,139],[74,-72]],[[1792,2454],[-50,-248],[-12,-376]],[[1730,1830],[-161,309],[-159,-156]],[[1410,1983],[-109,199]],[[8632,5140],[72,-243],[13,-296]],[[8717,4601],[47,-290],[10,-471],[-37,-106]],[[8293,4587],[-11,205],[239,466],[111,-118]],[[7981,5863],[85,-63]],[[8066,5800],[-13,-345],[-67,-305]],[[7806,5013],[-181,351]],[[7625,5364],[12,303]],[[3234,3468],[-5,245],[86,301]],[[3598,4682],[243,-286]],[[3841,4396],[61,-368]],[[3902,4028],[-91,-85],[66,-554]],[[3498,2699],[-110,216],[-4,178],[-150,375]],[[7944,2873],[-27,287]],[[9020,2974],[50,82],[111,526],[-46,218],[33,521],[46,161]],[[9214,4482],[142,-61],[162,273]],[[9518,4694],[48,-207],[145,-214],[85,-289],[203,-56],[-457,-914],[-48,-108],[-267,-243],[-16,-25]],[[6657,3139],[74,593]],[[7138,3105],[-153,-305],[-46,-330]],[[6939,2470],[-282,669]],[[8042,7112],[47,55],[100,-290]],[[8189,6877],[54,-416],[73,-63]],[[8316,6398],[-25,-291]],[[8291,6107],[-225,-307]],[[6555,7457],[30,75]],[[6737,6740],[53,-284]],[[6790,6456],[-294,-345]],[[6496,6111],[-40,238],[-92,60]],[[6364,6409],[-20,592]],[[5472,4655],[124,335],[204,296]],[[5800,5286],[162,-24]],[[5962,5262],[39,-138],[-32,-664]],[[5969,4460],[-7,-180]],[[5962,4280],[-299,-1],[-154,161],[-37,215]],[[3820,5077],[159,281],[12,419],[45,67]],[[4036,5844],[327,-637],[121,-294]],[[4484,4913],[-163,-775]],[[4321,4138],[-227,-66],[-74,174],[-118,-218]],[[3841,4396],[-51,494],[30,187]],[[8316,6398],[107,276],[153,-272],[162,-70]],[[8738,6332],[47,-238],[-176,-396]],[[8609,5698],[-164,-26],[-159,222],[5,213]],[[8717,4601],[64,-29],[170,180],[161,-136]],[[9112,4616],[102,-134]],[[975,1042],[0,655]],[[975,1697],[434,-18]],[[1409,1679],[-2,-723]],[[1407,956],[-5,-941]],[[1402,15],[-36,1],[-396,6]],[[970,22],[5,1020]],[[4484,4913],[190,74],[41,216],[-30,468]],[[4685,5671],[67,27]],[[4752,5698],[13,-31]],[[5029,4961],[76,-300]],[[4825,3559],[-204,37]],[[4621,3596],[-88,442],[-212,100]],[[2827,4478],[-115,-137]],[[2712,4341],[-315,-34]],[[2397,4307],[-57,479],[-56,11],[-141,504]],[[2143,5301],[127,-95],[171,78],[38,-257],[75,11],[84,352],[132,59],[196,-160]],[[8653,5536],[65,132],[142,-118],[126,-194],[163,-140]],[[9149,5216],[-77,-103],[40,-497]],[[8632,5140],[57,203],[-36,193]],[[6848,1745],[91,725]],[[7199,1732],[-271,-38]],[[8738,6332],[93,57],[79,203]],[[8910,6592],[210,87],[40,-74]],[[9160,6605],[-43,-409],[113,-257],[71,-473]],[[9301,5466],[-110,32],[-42,-282]],[[8653,5536],[-44,162]],[[7787,8076],[25,160],[140,89],[334,-320],[164,26],[148,379]],[[8419,7574],[-93,-292],[8,-329],[-145,-76]],[[7792,7654],[-5,422]],[[9301,5466],[109,-339],[108,-433]],[[5357,5637],[118,-192],[306,120]],[[5781,5565],[19,-279]],[[5472,4655],[-64,-169],[-93,-496]],[[7186,7405],[161,-76]],[[7349,6397],[-154,252],[-131,425]],[[7471,3852],[73,-116],[115,27],[113,161],[103,-116]],[[7365,5410],[115,-97],[145,51]],[[7705,4602],[-18,-1]],[[7318,5059],[47,351]],[[2293,3221],[290,420],[125,95],[163,313]],[[2871,4049],[31,-548],[73,-125]],[[2975,3376],[-120,-514],[99,-221],[-29,-150]],[[2925,2491],[-247,-196],[-210,166]],[[2975,3376],[114,-36],[145,128]],[[3442,2158],[-147,-30]],[[3295,2128],[-260,-77],[-12,120]],[[3023,2171],[-98,320]],[[5962,5262],[128,237],[180,60]],[[6270,5559],[-6,-262],[120,-146]],[[6384,5151],[-9,-176]],[[6338,4589],[-369,-129]],[[7411,342],[-74,7],[-316,10]],[[5868,5812],[103,347]],[[5971,6159],[152,-134],[57,88]],[[6180,6113],[90,-554]],[[5781,5565],[87,247]],[[6942,5924],[272,182]],[[7214,6106],[151,-696]],[[6875,5264],[20,411],[47,249]],[[5135,3490],[-52,-453],[14,-451]],[[5097,2586],[-76,-47]],[[5021,2539],[-214,-81],[-198,71]],[[4476,3164],[110,47],[35,385]],[[5962,4280],[-13,-325]],[[5949,3955],[-6,-476],[-38,-20]],[[8879,7083],[60,-43],[-29,-448]],[[7349,6397],[-135,-291]],[[6942,5924],[-122,167],[32,252],[-62,113]],[[6496,6111],[-46,-425]],[[6450,5686],[-66,-535]],[[6180,6113],[0,92],[184,204]],[[6452,4292],[-249,-327]],[[6203,3965],[-67,-59],[-187,49]],[[6746,5095],[-58,351],[-238,240]],[[3023,2171],[-101,-1626]],[[2922,545],[-402,-13],[-70,-4]],[[2450,528],[27,449],[18,794],[-97,135]],[[6273,8906],[177,-301]],[[6450,8605],[-159,-46],[-7,-168]],[[6088,8170],[-117,377]],[[5971,8547],[171,120],[108,-4],[23,243]],[[6498,9726],[155,78]],[[6653,9804],[43,-342],[61,-89],[-48,-486],[60,-171]],[[6769,8716],[-151,-56]],[[6618,8660],[-110,39]],[[6508,8699],[24,292],[-34,735]],[[6657,3139],[-70,101],[-217,-443]],[[6370,2797],[-3,459],[-168,254],[4,455]],[[7331,7912],[116,659]],[[7447,8571],[262,-485],[78,-10]],[[7412,7529],[-81,383]],[[6769,8716],[245,257]],[[7014,8973],[2,-179]],[[7016,8794],[34,-926]],[[6692,7720],[-74,940]],[[7107,7763],[93,156],[131,-7]],[[5696,1615],[35,271],[214,714]],[[5945,2600],[117,-316],[70,53]],[[6132,2337],[-6,-261],[92,-187]],[[5917,1365],[-71,-119],[-128,103]],[[5718,1349],[-22,266]],[[1839,1397],[370,350]],[[2450,528],[-210,-14],[5,115],[-291,54]],[[1954,683],[-53,260]],[[1901,943],[-62,454]],[[4464,1649],[70,479]],[[5021,2539],[-16,-227],[22,-1012]],[[5027,1300],[-89,-75],[-224,-374]],[[6508,8699],[-58,-94]],[[6273,8906],[-101,166],[47,215],[-56,275],[76,282],[87,155],[172,-273]],[[3393,5408],[79,25],[137,234],[84,-324],[140,-68],[-13,-198]],[[7016,8794],[23,-82],[212,-129],[196,-12]],[[1407,956],[494,-13]],[[1954,683],[50,-518],[-27,-165],[-575,15]],[[971,1725],[4,-28]],[[975,1042],[-335,-2],[-74,48]],[[566,1088],[-19,234],[49,365]],[[6370,2797],[-238,-460]],[[5945,2600],[-18,268],[-143,201]],[[5612,486],[106,863]],[[6035,447],[-397,41],[-26,-2]],[[498,579],[195,-220],[162,-57],[91,-280]],[[946,22],[-674,1],[-94,-16],[69,476],[50,27],[132,-237],[69,306]],[[89,2],[-71,1],[-18,299],[89,-20],[0,-280]],[[5588,7531],[192,350]],[[5780,7881],[123,43]],[[6173,7018],[-168,-80]],[[6005,6938],[-376,85]],[[5629,7023],[-83,383],[42,125]],[[1839,1397],[-109,433]],[[2871,4049],[-118,90],[-41,202]],[[4036,5844],[40,285],[166,30],[6,196],[77,-163],[7,-305],[116,-173],[237,-43]],[[5431,7649],[157,-118]],[[5629,7023],[-55,-181],[-189,-94]],[[5385,6748],[-224,359]],[[5161,7107],[66,265],[117,66],[87,211]],[[3677,573],[16,295],[80,442],[104,147]],[[3877,1457],[38,-200],[241,-87],[-7,-117]],[[4141,579],[-201,-64],[-34,71],[-229,-13]],[[5437,6118],[6,110]],[[5443,6228],[425,-416]],[[5563,8449],[217,-568]],[[5431,7649],[6,235],[-31,464],[157,101]],[[9079,7580],[95,-317],[29,-400],[-43,-258]],[[5537,2624],[-230,-313]],[[5307,2311],[-139,59],[-71,216]],[[5696,1615],[-290,49]],[[5406,1664],[-68,263],[-31,384]],[[5563,8449],[114,-16],[59,-154],[90,43],[145,225]],[[5612,486],[-185,-28]],[[5427,458],[-84,434],[-127,319]],[[5216,1211],[161,286],[29,167]],[[5971,6159],[34,779]],[[970,22],[-14,0],[-10,0]],[[498,579],[-32,247],[100,262]],[[4752,5698],[55,299],[9,355],[142,409],[70,-73],[112,218],[21,201]],[[5385,6748],[83,-81],[-25,-439]],[[3794,1897],[83,-440]],[[3677,573],[-392,-22]],[[3285,551],[10,1577]],[[1410,1983],[-1,-304]],[[816,2748],[7,5],[162,-143],[97,-169],[159,-118],[60,-141]],[[5216,1211],[-189,89]],[[5427,458],[-465,13],[-243,25]],[[2135,3710],[262,597]],[[6653,9804],[245,-275],[116,-556]],[[3285,551],[-71,-3],[-292,-3]],[[1966,3805],[-95,260],[-33,341],[125,279],[47,229],[110,-90],[50,122],[-27,355]]],"transform":{"scale":[0.000758535853585358,0.000264986498649865],"translate":[-89.5526,36.4971]}}